{
    "Sistem": {
        "Token": "",
        "Prefix": "",
        "SunucuID": "",
        "MongoDB": ""
    },

    "Bot": {
        "Owner": "545976310342746152",
        "Footer": "Wonxen ❤️ Discow",
        "Voice": "",
        "Text": "Wonxen ❤️ Discow",
        "Type": "WATCHING",
        "Status": "idle"
    },

    "Channel": {
        "Log": ""
    },

    "Emoji": {
        "Xp": "",
        "Oks": "",
        "Yildiz": "",
        
        "Ses": "",
        "Sohbet": "",
    
        "BosBaslangicBar": "",
        "BosOrtaBar": "",
        "BosSonBar": "",
    
        "DoluBaslangicBar": "",
        "DoluOrtaBar": "",
        "DoluSonBar": ""
    }

}
